Team,Last,First,Pos,Base,,Guaranteed,Date,Player,Season
LAG,Ibrahimovic,Zlatan,F,7200000,,7200000,6/1/19,Zlatan Ibrahimovic,2019
TOR,Bradley,Michael,M,6.00E+06,,6500000,6/1/19,Michael Bradley,2019
NONE,dos Santos,Giovani,F,4750000,,6500000,6/1/19,Giovani dos Santos,2019
TOR,Altidore,Jozy,F,4891250,,6332250,6/1/19,Jozy Altidore,2019
LAFC,Vela,Carlos,A,4500000,,6300000,6/1/19,Carlos Vela,2019
CHI,Schweinsteiger,Bastian,M,5600000,,5600000,6/1/19,Bastian Schweinsteiger,2019
MTL,Piatti,Ignacio,A,530000,,4443333,6/1/19,Ignacio Piatti,2019
TOR,Pozuelo Melero,Alejandro,A,3800000,,3800000,6/1/19,Alejandro Pozuelo,2019
DCU,Rooney,Wayne,F,3500000,,3507500,6/1/19,Wayne Rooney,2019
ATL,Martinez,Josef,F,3.00E+06,,3058333,6/1/19,Josef Martinez,2019
SEA,Lodeiro,Nicolas,A,2.00E+06,,2502500,6/1/19,Nicolas Lodeiro,2019
ORL,Nani,NA,A,2333333,,2486250,6/1/19,Nani,2019
COL,Howard,Tim,GK,2.00E+06,,2475000,6/1/19,Tim Howard,2019
POR,Valeri,Diego,A,2320000,,2420000,6/1/19,Diego Valeri,2019
NER,Gil,Carles,A,2100000,,2337500,6/1/19,Carles Gil,2019
PHI,Fabian,Marco,A,2000727,,2274087,6/1/19,Marco Fabian,2019
NONE,Movsisyan,Yura,F,2050000,,2273750,6/1/19,Yura Movsisyan,2019
CHI,Gaitan,Nicolas,A,1400004,,2197504,6/1/19,Nicolas Gaitan,2019
RSL,Rusnak,Albert,A,1800000,,2001667,6/1/19,Albert Rusnak,2019
LAG,dos Santos,Jonathan,M,2.00E+06,,2.00E+06,6/1/19,Jonathan dos Santos,2019
NYC,Moralez,Maxi,A,2.00E+06,,2.00E+06,6/1/19,Maximiliano Moralez,2019
CIN,Adi,Fanendo,F,1360008,,1965008,6/1/19,Fanendo Adi,2019
CHI,Nikolic,Nemanja,F,1700000,,1913333,6/1/19,Nemanja Nikolic,2019
LAG,Alessandrini,Romain,A,1539996,,1869996,6/1/19,Romain Alessandrini,2019
SEA,Ruidiaz,Raul,F,1800000,,1800000,6/1/19,Raul Ruidiaz,2019
MIN,Quintero,Darwin,A,1750000,,1750000,6/1/19,Darwin Quintero,2019
SKC,Russell,Johnny,A,1700000,,1700000,6/1/19,Johnny Russell,2019
NONE,Gashi,Shkelzen,A,1575000,,1668750,6/1/19,Shkelzen Gashi,2019
SKC,Gutierrez,Felipe,M,1600000,,1650000,6/1/19,Felipe Gutierrez,2019
SJE,Qazaishvili,"Valeri ""Vako""",A,1475004,,1604042,6/1/19,Valeri Qazaishvili,2019
CIN,Saief,Kenneth,M,1233000,,1511767,6/1/19,Kenny Saief,2019
ORL,Dwyer,Dom,F,1320000,,1503333,6/1/19,Dom Dwyer,2019
CLB,Zardes,Gyasi,F,1421667,,1471667,6/1/19,Gyasi Zardes,2019
ATL,Barco,Ezequiel,A,1425000,,1425000,6/1/19,Ezequiel Barco,2019
MTL,Taider,Saphir,M,1400000,,1400000,6/1/19,Saphir Taider,2019
CHI,Katai,Aleksandar,A,1260000,,1380333,6/1/19,Aleksandar Katai,2019
NYRB,Wright-Phillips,Bradley,F,1200000,,1380000,6/1/19,Bradley Wright-Phillips,2019
POR,Blanco,Sebastian,A,1300008,,1375008,6/1/19,Sebastian Blanco,2019
LAFC,Horta,Andre,M,1200000,,1277500,6/1/19,Andre Horta,2019
POR,Fernandez,Brian,A,1200000,,1275800,6/1/19,Brian Fernandez,2019
PHI,Bedoya,Alejandro,M,1200000,,1266250,6/1/19,Alejandro Bedoya,2019
HOU,Manotas,Mauro,F,1100050,,1245050,6/1/19,Mauro Manotas,2019
HOU,Struna,"Aljaz ""Kiki""",D,1100000,,1210000,6/1/19,Aljaz Struna,2019
CLB,Accam,David,A,1010004,,1137920,6/1/19,David Accam,2019
CLB,Higuain,Federico,A,1100000,,1100000,6/1/19,Federico Higuain,2019
ORL,Kljestan,Sacha,A,1025000,,1100000,6/1/19,Sacha Kljestan,2019
RSL,Luiz,Everton,B,1.00E+06,,1100000,6/1/19,Everton Luiz,2019
SEA,Rodriguez,Victor,A,1.00E+06,,1087500,6/1/19,Victor Rodriguez,2019
RSL,Kreilach,Damir,M,968769,,1082102,6/1/19,Damir Kreilach,2019
MTL,Urruti,Maximiliano,F,9.00E+05,,1071000,6/1/19,Maximiliano Urruti,2019
LAG,Skjelvik,Jorgen,D,1.00E+06,,1066667,6/1/19,Jorgen Skjelvik,2019
SKC,Nemeth,Krisztian,F,950000,,1063667,6/1/19,Krisztian Nemeth,2019
LAFC,Rossi,Diego,A,1.00E+06,,1052000,6/1/19,Diego Rossi,2019
SKC,Fontas,Andreu,D,1050000,,1050000,6/1/19,Andreu Fontas,2019
FCD,Gruezo,Carlos,B,890000,,1025750,6/1/19,Carlos Gruezo,2019
NER,Mancienne,Michael,D,881676,,995676,6/1/19,Michael Mancienne,2019
VAN,Montero,Fredy,F,768000,,968000,6/1/19,Fredy Montero,2019
ORL,Sane,Lamine,D,902500,,950000,6/1/19,Lamine Sane,2019
NYC,Ring,Alexander,M,850000,,945000,6/1/19,Alexander Ring,2019
LAFC,Diomande,Adama,F,850000,,935000,6/1/19,Adama Diomande,2019
ATL,Martinez,Pity,A,9.00E+05,,9.00E+05,6/1/19,Gonzalo Martinez,2019
SKC,Sanchez,Ilie,B,9.00E+05,,9.00E+05,6/1/19,Ilie Sanchez,2019
CLB,Mensah,Jonathan,D,800004,,894004,6/1/19,Jonathan Mensah,2019
MIN,Gregus,Jan,M,750000,,883500,6/1/19,Jan Gregus,2019
NYC,Medina,Jesus,A,750000,,870833,6/1/19,Jesus Medina,2019
FCD,Ziegler,Reto,D,820000,,870000,6/1/19,Reto Ziegler,2019
CLB,Santos,Pedro,A,817560,,864560,6/1/19,Pedro Santos,2019
RSL,Plata,Joao,A,725004,,856254,6/1/19,Joao Plata,2019
ATL,Villalba,Hector,A,722500,,830250,6/1/19,Hector Villalba,2019
ATL,Gonzalez Pirez,Leandro,D,775008,,810008,6/1/19,Leandro Gonzalez Pirez,2019
CIN,Lamah,Roland,A,750000,,806250,6/1/19,Roland Lamah,2019
SKC,Espinoza,Roger,M,8.00E+05,,8.00E+05,6/1/19,Roger Espinoza,2019
NYRB,Kaku,NA,A,8.00E+05,,8.00E+05,6/1/19,Alejandro Romero Gamarra,2019
NYRB,Long,Aaron,D,770000,,8.00E+05,6/1/19,Aaron Long,2019
SJE,Wondolowski,Chris,F,8.00E+05,,8.00E+05,6/1/19,Chris Wondolowski,2019
CHI,Ferreira,Marcelo,D,775000,,797500,6/1/19,Marcelo Ferreira,2019
POR,Mabiala,Larrys,D,750000,,793333,6/1/19,Larrys Mabiala,2019
NYC,Araujo dos Santos,Heber,F,785000,,788750,6/1/19,Heber,2019
DCU,Stieber,Zoltan,A,787500,,787500,6/1/19,Zoltan Stieber,2019
LAG,Polenta,Diego,D,687276,,777276,6/1/19,Diego Polenta,2019
RSL,Silva,Marcelo,D,725004,,776629,6/1/19,Marcelo Silva,2019
TOR,Osorio,Jonathan,M,750000,,776250,6/1/19,Jonathan Osorio,2019
SEA,Kee-Hee,Kim,D,640000,,772000,6/1/19,Kim Kee-Hee,2019
NYRB,Royer,Daniel,A,7.00E+05,,768750,6/1/19,Daniel Royer,2019
VAN,Dominguez,Jon Erice,M,654546,,752364,6/1/19,Jon Erice Dominguez,2019
NYRB,Parker,Tim,D,738200,,752200,6/1/19,Tim Parker,2019
COL,Kamara,Kei,F,750000,,750000,6/1/19,Kei Kamara,2019
MTL,Camacho,Rudy,D,7.00E+05,,749153,6/1/19,Rudy Camacho,2019
ATL,Guzan,Brad,GK,680004,,740004,6/1/19,Brad Guzan,2019
SEA,Torres,Roman,D,670000,,740000,6/1/19,Roman Torres,2019
SKC,Croizet,Yohan,A,700008,,730008,6/1/19,Yohan Croizet,2019
LAG,Gonzalez Castro,Giancarlo,D,650000,,719583,6/1/19,Giancarlo Gonzalez,2019
RSL,Johnson,Sam,F,650000,,718750,6/1/19,Sam Johnson,2019
VAN,Reyna,Yordy,A,650000,,713140,6/1/19,Yordy Reyna,2019
DCU,Arriola,Paul,M,675000,,707000,6/1/19,Paul Arriola,2019
MTL,Sagna,Bacary,D,660000,,705000,6/1/19,Bacary Sagna,2019
DCU,Acosta,Luciano,A,6.00E+05,,702000,6/1/19,Luciano Acosta,2019
CHI,McCarty,Dax,M,7.00E+05,,7.00E+05,6/1/19,Dax McCarty,2019
POR,Melano,Lucas,F,7.00E+05,,7.00E+05,6/1/19,Lucas Melano,2019
MIN,Alonso,Osvaldo,B,650000,,697500,6/1/19,Osvaldo Alonso,2019
SKC,Zusi,Graham,D,625000,,688333,6/1/19,Graham Zusi,2019
ATL,Meram,Justin,A,650004,,678754,6/1/19,Justin Meram,2019
SKC,Besler,Matt,D,574998,,674998,6/1/19,Matt Besler,2019
CHI,Calvo,Francisco,D,6.00E+05,,672600,6/1/19,Francisco Calvo,2019
PHI,Santos,Sergio,F,6.00E+05,,668500,6/1/19,Sergio Santos,2019
MIN,Rodriguez,Angelo,F,6.00E+05,,667188,6/1/19,Angelo Rodriguez,2019
LAFC,Ramirez,Christian,F,6.00E+05,,666250,6/1/19,Christian Ramirez,2019
ATL,Nagbe,Darlington,M,665500,,665500,6/1/19,Darlington Nagbe,2019
COL,Acosta,Kellyn,B,550000,,665000,6/1/19,Kellyn Acosta,2019
NYC,Callens,Alexander,D,6.00E+05,,664000,6/1/19,Alexander Callens,2019
TOR,Mavinga,Chris,D,6.00E+05,,663333,6/1/19,Chris Mavinga,2019
CHI,Frankowski,Przemyslaw,A,450000,,661688,6/1/19,Przemyslaw Frankowski,2019
VAN,In-Beom,Hwang,M,6.00E+05,,655000,6/1/19,Hwang In-Beom,2019
CIN,Waston,Kendall,D,625000,,654167,6/1/19,Kendall Waston,2019
HOU,Elis,Alberth,A,650340,,650340,6/1/19,Alberth Elis,2019
FCD,Acosta,Bryan,M,6.00E+05,,650000,6/1/19,Bryan Acosta,2019
NYC,Chanot,Maxime,D,650000,,650000,6/1/19,Maxime Chanot,2019
COL,Smith,Tommy,D,6.00E+05,,640000,6/1/19,Tommy Smith,2019
SEA,Morris,Jordan,F,499500,,619600,6/1/19,Jordan Morris,2019
POR,Villafana,Jorge,D,6.00E+05,,617500,6/1/19,Jorge Villafana,2019
SJE,Jungwirth,Florian,D,550008,,616675,6/1/19,Florian Jungwirth,2019
MTL,Novillo,Harry,A,550000,,616667,6/1/19,Harry Novillo,2019
ORL,Higuita,Cristian,M,474996,,611663,6/1/19,Cristian Higuita,2019
DCU,McCann,Chris,B,580000,,608000,6/1/19,Chris McCann,2019
POR,Moreira Ferreira,Jorge,D,545455,,607955,6/1/19,Jorge Moreira Ferreira,2019
NER,Agudelo,Juan,A,575000,,605000,6/1/19,Juan Agudelo,2019
POR,Dielna,Claude,D,560000,,6.00E+05,6/1/19,Claude Dielna,2019
SEA,Leerdam,Kelvin,D,550000,,6.00E+05,6/1/19,Kelvin Leerdam,2019
SEA,Svensson,Gustav,B,570000,,6.00E+05,6/1/19,Gustav Svensson,2019
VAN,Venuto,Lucas,A,550000,,6.00E+05,6/1/19,Lucas Venuto,2019
LAFC,Zimmerman,Walker,D,6.00E+05,,6.00E+05,6/1/19,Walker Zimmerman,2019
SEA,Roldan,Cristian,M,460000,,596542,6/1/19,Cristian Roldan,2019
PHI,Medunjanin,Haris,M,550008,,595008,6/1/19,Haris Medunjanin,2019
MIN,Mannone,Vito,GK,540000,,594000,6/1/19,Vito Mannone,2019
CLB,Trapp,Wil,M,549996,,593746,6/1/19,Wil Trapp,2019
FCD,Mosquera,Santiago,A,5.00E+05,,591400,6/1/19,Santiago Mosquera,2019
SJE,Kashia,Guram,D,590000,,590000,6/1/19,Guram Kashia,2019
LAG,Alvarez,Favio,A,525000,,586250,6/1/19,Favio Alvarez,2019
FCD,Colman,Cristian,F,5.00E+05,,585000,6/1/19,Cristian Colman,2019
NER,Zahibo,Wilfred,M,513000,,583000,6/1/19,Wilfried Zahibo,2019
NYC,Tinnerholm,Anton,D,496800,,581725,6/1/19,Anton Tinnerholm,2019
CHI,Kappelhof,Johan,D,550000,,577833,6/1/19,Johan Kappelhof,2019
FCD,Hedges,Matt,D,550008,,575008,6/1/19,Matt Hedges,2019
POR,Chara,Diego,M,550000,,572000,6/1/19,Diego Chara,2019
PHI,Monteiro,Jamiro,M,516000,,569200,6/1/19,Jamiro Monteiro,2019
SEA,Smith,Brad,D,529092,,564365,6/1/19,Brad Smith,2019
DCU,Jara,Leonardo,D,5.00E+05,,560000,6/1/19,Leonardo Jara,2019
HOU,Quioto,Romell,A,506668,,556501,6/1/19,Romell Quioto,2019
SKC,Fernandes,Gerso,A,550008,,550008,6/1/19,Gerso Fernandes,2019
PHI,Blake,Andre,GK,500004,,550004,6/1/19,Andre Blake,2019
DCU,Birnbaum,Steven,D,525000,,550000,6/1/19,Steven Birnbaum,2019
LAG,Corona,Joe,M,550000,,550000,6/1/19,Joe Corona,2019
SJE,Espinoza,Cristian,A,5.00E+05,,550000,6/1/19,Cristian Espinoza,2019
NER,Penilla,Cristian,A,5.00E+05,,550000,6/1/19,Cristian Penilla,2019
SJE,Hoesen,Danny,F,5.00E+05,,549667,6/1/19,Danny Hoesen,2019
VAN,Adnan,Ali,D,539000,,547333,6/1/19,Ali Adnan,2019
MIN,Molino,Kevin,A,500004,,546254,6/1/19,Kevin Molino,2019
MIN,Ibarra,Romario,A,5.00E+05,,546250,6/1/19,Romario Ibarra,2019
COL,Wilson,Daniel,D,5.00E+05,,540000,6/1/19,Daniel Wilson,2019
LAFC,Nguyen,Lee,M,525000,,530000,6/1/19,Lee Nguyen,2019
SEA,Jones,Joevin,B,482004,,528671,6/1/19,Joevin Jones,2019
ORL,Rosell,Oriol,B,522500,,522500,6/1/19,Oriol Rosell,2019
FCD,Ondrasek,Zdenek,F,4.00E+05,,522250,6/1/19,Zdenek Ondrasek,2019
FCD,Bressan,NA,D,485300,,521931,6/1/19,Bressan,2019
CIN,Mattocks,Darren,F,520000,,520000,6/1/19,Darren Mattocks,2019
RSL,Onuoha,Nedum,D,450000,,504000,6/1/19,Chinedum Onuoha,2019
SEA,Arreaga,Xavier,D,393600,,500850,6/1/19,Xavier Arreaga,2019
FCD,Barrios,Michael,A,5.00E+05,,5.00E+05,6/1/19,Michael Barrios,2019
NER,Caicedo,Juan Fernando,F,5.00E+05,,5.00E+05,6/1/19,Juan Fernando Caicedo,2019
VAN,Martins,Felipe,M,5.00E+05,,5.00E+05,6/1/19,Felipe Martins,2019
NYC,Mitrita,Alexandru,A,5.00E+05,,5.00E+05,6/1/19,Alexandru Mitrita,2019
RSL,Savarino,Jefferson,A,475008,,498696,6/1/19,Jefferson Savarino,2019
SJE,Godoy,Anibal,M,450000,,498125,6/1/19,Anibal Godoy,2019
CIN,Bertone,Leonardo,M,450000,,496667,6/1/19,Leonardo Bertone,2019
LAFC,Atuesta,Eduard,B,475000,,493000,6/1/19,Eduard Atuesta,2019
ORL,Johnson,Will,M,455004,,491004,6/1/19,Will Johnson,2019
NYRB,Robles,Luis,GK,490000,,490000,6/1/19,Luis Robles,2019
DCU,Hamid,Bill,GK,461820,,487495,6/1/19,Bill Hamid,2019
ORL,Jhegson,NA,B,450000,,486750,6/1/19,Sebastian Mendez,2019
CHI,Sapong,CJ,F,475000,,475000,6/1/19,CJ Sapong,2019
LAG,Kitchen,Perry,B,450000,,474167,6/1/19,Perry Kitchen,2019
FCD,Aranguiz,Pablo,A,406667,,466667,6/1/19,Pablo Aranguiz,2019
SKC,Feilhaber,Benny,M,413400,,463400,6/1/19,Benny Feilhaber,2019
ORL,Ascues,Carlos,B,420000,,451500,6/1/19,Carlos Ascues,2019
ORL,Colman,Josue,A,450000,,450000,6/1/19,Josue Colman,2019
SJE,Eriksson,Magnus,A,450000,,450000,6/1/19,Magnus Eriksson,2019
VAN,Godoy,Erik,D,381818,,449318,6/1/19,Erik Godoy,2019
COL,Price,Jack,M,430000,,437500,6/1/19,Jack Price,2019
TOR,Ciman,Laurent,D,4.00E+05,,435625,6/1/19,Laurent Ciman,2019
NER,Mlinar Delamea,Antonio,D,425004,,425004,6/1/19,Antonio Mlinar Delamea,2019
NER,Somi,Gabriel,D,391000,,425000,6/1/19,Gabriel Somi,2019
LAG,Antuna,Uriel,A,420000,,420000,6/1/19,Uriel Antuna,2019
NYC,Matarrita,Ronald,D,3.00E+05,,420000,6/1/19,Ronald Matarrita,2019
MIN,Metanire,Romain,D,305000,,411833,6/1/19,Romain Metanire,2019
CLB,Artur,NA,B,360000,,411633,6/1/19,Artur de Lima,2019
POR,Conechny,Tomas,F,396000,,403500,6/1/19,Tomas Conechny,2019
MIN,Finlay,Ethan,A,400008,,400008,6/1/19,Ethan Finlay,2019
NYC,Johnson,Sean,GK,4.00E+05,,4.00E+05,6/1/19,Sean Johnson,2019
NYC,Ofori,Ebenezer,B,325000,,4.00E+05,6/1/19,Ebenezer Ofori,2019
NONE,Cronin,Sam,M,330000,,396990,6/1/19,Sam Cronin,2019
CIN,Manneh,Kekuta,A,375000,,391667,6/1/19,Kekuta Manneh,2019
COL,Adjei-Boateng,Nana,M,350004,,391250,6/1/19,Nana Adjei-Boateng,2019
CIN,Stanko,Caleb,B,337500,,390833,6/1/19,Caleb Stanko,2019
SJE,Lopez Lanfranco,Marcos,D,280000,,387750,6/1/19,Marcos Lopez,2019
HOU,Martinez,Tomas,A,335004,,386804,6/1/19,Tomas Martinez,2019
NYRB,Lawrence,Kemar,D,340000,,382750,6/1/19,Kemar Lawrence,2019
TOR,Bono,Alex,GK,350000,,382000,6/1/19,Alex Bono,2019
NYC,Tajouri,Ismael,A,350000,,380500,6/1/19,Ismael Tajouri,2019
LAG,Bingham,David,GK,375000,,375000,6/1/19,David Bingham,2019
TOR,Moor,Drew,D,375000,,375000,6/1/19,Drew Moor,2019
DCU,Pedroso,Marcos,D,375000,,375000,6/1/19,Marquinhos Pedroso,2019
MIN,Opara,Ike,D,350000,,367917,6/1/19,Ike Opara,2019
NONE,Marshall,Chad,D,325000,,366250,6/1/19,Chad Marshall,2019
CLB,Afful,Harrison,D,288100,,363800,6/1/19,Harrison Afful,2019
CHI,Ousted,David,GK,268182,,361136,6/1/19,David Ousted,2019
PHI,Wagner,Kai,D,318000,,360150,6/1/19,Kai Wagner,2019
CLB,Sauro,Gaston,D,360000,,360000,6/1/19,Gaston Sauro,2019
SKC,Wallace,Rodney,B,360000,,360000,6/1/19,Rodney Wallace,2019
SEA,Bruin,Will,F,350000,,358333,6/1/19,Will Bruin,2019
PHI,Ilsinho,NA,M,330000,,357000,6/1/19,Ilsinho,2019
COL,Rubio Kostner,Diego,F,325000,,353750,6/1/19,Diego Rubio Kostner,2019
HOU,Ceren,Darwin,B,3.00E+05,,349375,6/1/19,Darwin Ceren,2019
RSL,Glad,Justen,D,345000,,345000,6/1/19,Justen Glad,2019
MTL,Diallo,Zakaria,D,299250,,343250,6/1/19,Zakaria Diallo,2019
MIN,Ibarra,Miguel,M,309996,,342318,6/1/19,Miguel Ibarra,2019
SKC,Melia,Tim,GK,325008,,341675,6/1/19,Tim Melia,2019
NYRB,Rzatkowski,Marc,M,3.00E+05,,341667,6/1/19,Marc Rzatkowski,2019
SEA,Frei,Stefan,GK,325000,,337500,6/1/19,Stefan Frei,2019
CIN,Cruz,Allan,M,3.00E+05,,333125,6/1/19,Allan Cruz,2019
NYRB,Ivan,Andreas,A,264000,,330600,6/1/19,Andreas Ivan,2019
TOR,Morrow,Justin,D,330000,,330000,6/1/19,Justin Morrow,2019
CIN,Tyton,Przemyslaw,GK,231750,,328438,6/1/19,Przemyslaw Tyton,2019
NYRB,Davis,Sean,M,3.00E+05,,327500,6/1/19,Sean Davis,2019
SKC,Rowe,Kelyn,A,261400,,326400,6/1/19,Kelyn Rowe,2019
RSL,Beckerman,Kyle,B,3.00E+05,,325000,6/1/19,Kyle Beckerman,2019
ATL,Pogba,Florentin,D,3.00E+05,,324000,6/1/19,Florentin Pogba,2019
RSL,Rimando,Nick,GK,3.00E+05,,322500,6/1/19,Nick Rimando,2019
CLB,Valenzuela,Milton,D,290000,,321300,6/1/19,Milton Valenzuela,2019
SJE,Cummings,Harold,D,270000,,320667,6/1/19,Harold Cummings,2019
CLB,Guzman,David,B,3.00E+05,,320000,6/1/19,David Guzman,2019
COL,Mezquida,Nicolas,F,320000,,320000,6/1/19,Nicolas Mezquida,2019
MIN,Boxall,Michael,D,3.00E+05,,317333,6/1/19,Michael Boxall,2019
COL,Nicholson,Sam,A,3.00E+05,,313000,6/1/19,Sam Nicholson,2019
LAG,Lletget,Sebastian,M,3.00E+05,,312667,6/1/19,Sebastian Lletget,2019
VAN,Blondell,Anthony,F,262500,,307703,6/1/19,Anthony Blondell,2019
NYRB,Jorgensen,Mathias,F,275000,,306250,6/1/19,Mathias Jorgensen,2019
SJE,Judson,NA,B,3.00E+05,,305000,6/1/19,Judson,2019
HOU,Lundkvist,Adam,D,275000,,303750,6/1/19,Adam Lundkvist,2019
MIN,Schuller,Rasmus,M,275004,,300004,6/1/19,Rasmus Schuller,2019
DCU,Brillant,Frederic,D,265000,,3.00E+05,6/1/19,Frederic Brillant,2019
MTL,Cabrera,Victor,D,3.00E+05,,3.00E+05,6/1/19,Victor Cabrera,2019
NER,Caicedo,Luis,B,3.00E+05,,3.00E+05,6/1/19,Luis Alberto Caicedo,2019
ATL,Escobar,Franco,D,3.00E+05,,3.00E+05,6/1/19,Franco Escobar,2019
ATL,Parkhurst,Michael,D,3.00E+05,,3.00E+05,6/1/19,Michael Parkhurst,2019
ATL,Remedi,Eric,B,3.00E+05,,3.00E+05,6/1/19,Eric Remedi,2019
DCU,Rodriguez,Lucas,A,262000,,298550,6/1/19,Lucas Rodriguez,2019
LAFC,Beitashour,Steven,D,275000,,298375,6/1/19,Steven Beitashour,2019
SKC,Barath,Botond,D,250000,,297333,6/1/19,Botond Barath,2019
TOR,Zavaleta,Eriq,D,275004,,296962,6/1/19,Eriq Zavaleta,2019
MTL,Bush,Evan,GK,232000,,294667,6/1/19,Evan Bush,2019
NER,Farrell,Andrew,D,209230,,294230,6/1/19,Andrew Farrell,2019
HOU,Cabezas,Juan,B,268008,,292008,6/1/19,Juan Cabezas,2019
MTL,Raitala,Jukka,D,250000,,290500,6/1/19,Jukka Raitala,2019
ORL,Jansson,Robin,D,261000,,289800,6/1/19,Robin Jansson,2019
POR,Paredes,Cristhian,M,252000,,283500,6/1/19,Cristhian Paredes,2019
CIN,Ledesma,Emmanuel,A,250000,,280833,6/1/19,Emmanuel Ledesma,2019
PHI,Przybylko,Kacper,F,240000,,277000,6/1/19,Kacper Przybylko,2019
TOR,Auro,NA,D,225000,,276667,6/1/19,Auro,2019
HOU,Beasley,DaMarcus,D,275000,,275000,6/1/19,DaMarcus Beasley,2019
NYC,Castellanos,Valentin,A,250000,,274806,6/1/19,Valentin Castellanos,2019
SJE,Affolter,Francois,D,250000,,273000,6/1/19,Francois Affolter,2019
VAN,Ardaiz,Joaquin,F,272727,,272727,6/1/19,Joaquin Ardaiz,2019
NER,Bunbury,Teal,A,225750,,270750,6/1/19,Teal Bunbury,2019
CIN,Alexander,Eric,M,270000,,270000,6/1/19,Eric Alexander,2019
CIN,Garza,Greg,D,270000,,270000,6/1/19,Greg Garza,2019
PHI,Elliott,Jack,D,250000,,265000,6/1/19,Jack Elliott,2019
LAG,Pedro,Joao,M,240000,,261000,6/1/19,Joao Pedro,2019
CLB,Mullins,Patrick,F,260004,,260004,6/1/19,Patrick Mullins,2019
CLB,Steffen,Zack,GK,260000,,260000,6/1/19,Zack Steffen,2019
CIN,Deplagne,Mathieu,D,240000,,254400,6/1/19,Mathieu Deplagne,2019
HOU,DeLaGarza,AJ,D,250000,,253750,6/1/19,AJ DeLaGarza,2019
TOR,Delgado,Marco,M,253000,,253000,6/1/19,Marco Delgado,2019
CIN,Powell,Alvas,D,235000,,251625,6/1/19,Alvas Powell,2019
COL,Blomberg,Johan,M,250962,,250962,6/1/19,Johan Blomberg,2019
NER,Castillo,Edgar,D,250000,,250000,6/1/19,Edgar Castillo,2019
HOU,Pena,Ronaldo,F,250000,,250000,6/1/19,Ronaldo Pena,2019
SJE,Salinas,Shea,B,250000,,250000,6/1/19,Shea Salinas,2019
DCU,Canouse,Russell,M,247500,,247500,6/1/19,Russell Canouse,2019
LAG,Feltscher,Rolf,D,218000,,242650,6/1/19,Rolf Feltscher,2019
RSL,Lennon,Brooks,D,230004,,242587,6/1/19,Brooks Lennon,2019
RSL,Allen,Jordan,A,238000,,238000,6/1/19,Jordan Allen,2019
POR,Ebobisse,Jeremy,F,175000,,238000,6/1/19,Jeremy Ebobisse,2019
SEA,Shipp,Harry,A,235000,,235000,6/1/19,Harry Shipp,2019
SJE,Tarbell,Andrew,GK,2.00E+05,,235000,6/1/19,Andrew Tarbell,2019
FCD,Gonzalez,Jesse,GK,217500,,231500,6/1/19,Jesse Gonzalez,2019
HOU,Vera,Matias Gabriel,B,225000,,231250,6/1/19,Matias Vera,2019
ATL,Shea,Brek,B,225000,,225000,6/1/19,Brek Shea,2019
MTL,Vargas,Jeisson,A,225000,,225000,6/1/19,Jeisson Vargas,2019
ATL,Kratz,Kevin,M,210000,,222750,6/1/19,Kevin Kratz,2019
RSL,Ruiz,Pablo,M,200004,,221004,6/1/19,Pablo Ruiz,2019
MTL,Okwonkwo,Orji,A,2.00E+05,,220000,6/1/19,Orji Okwonkwo,2019
SJE,Lima,Nick,D,2.00E+05,,218438,6/1/19,Nick Lima,2019
CLB,Williams,Josh,D,215000,,215000,6/1/19,Josh Williams,2019
TOR,Boyd,Terrence,F,190000,,213833,6/1/19,Terrence Boyd,2019
POR,Asprilla,Dairon,A,2.00E+05,,213750,6/1/19,Dairon Asprilla,2019
CIN,Ulloa,Victor,B,210000,,212500,6/1/19,Victor Ulloa,2019
LAFC,Segura,Eddie,D,2.00E+05,,212000,6/1/19,Eddie Segura,2019
FCD,Servania,Brandon,M,160000,,211000,6/1/19,Brandon Servania,2019
ATL,Larentowicz,Jeff,B,210000,,210000,6/1/19,Jeff Larentowicz,2019
SJE,Vega,Daniel,GK,2.00E+05,,210000,6/1/19,Daniel Vega,2019
RSL,Beltran,Tony,D,195000,,207000,6/1/19,Tony Beltran,2019
FCD,Badji,Dominique,F,2.00E+05,,206250,6/1/19,Dominique Badji,2019
NER,Fagundez,Diego,A,185000,,205000,6/1/19,Diego Fagundez,2019
VAN,Henry,Doneil,D,190008,,204242,6/1/19,Doneil Henry,2019
ORL,Moutinho,Joao,D,140000,,203000,6/1/19,Joao Moutinho,2019
LAFC,El-Mounir,Mohammed,D,185000,,202833,6/1/19,Mohamed El-Munir,2019
ATL,Robinson,Miles,D,145000,,201250,6/1/19,Miles Robinson,2019
CLB,Jimenez,Hector,D,2.00E+05,,2.00E+05,6/1/19,Hector Jimenez,2019
ORL,Powers,Dillon,M,2.00E+05,,2.00E+05,6/1/19,Dillon Powers,2019
LAFC,Silva,Danilo,D,2.00E+05,,2.00E+05,6/1/19,Danilo Silva,2019
NYC,Sweat,Ben,D,2.00E+05,,2.00E+05,6/1/19,Ben Sweat,2019
CLB,Francis,Waylon,D,160000,,199167,6/1/19,Waylon Francis,2019
CLB,Robinho,NA,A,198000,,198000,6/1/19,Robinho,2019
FCD,Twumasi,Ema,A,150000,,196900,6/1/19,Ema Twumasi,2019
VAN,Rose,Andy,M,192500,,192500,6/1/19,Andy Rose,2019
MIN,Shuttleworth,Bobby,GK,175000,,191875,6/1/19,Bobby Shuttleworth,2019
CIN,Alashe,Fatai,B,190000,,190000,6/1/19,Fatai Alashe,2019
PHI,Gaddis,Raymon,D,190000,,190000,6/1/19,Raymon Gaddis,2019
VAN,MacMath,Zac,GK,190000,,190000,6/1/19,Zac MacMath,2019
LAG,Pontius,Chris,A,190000,,190000,6/1/19,Chris Pontius,2019
VAN,Teibert,Russell,B,170000,,190000,6/1/19,Russell Teibert,2019
SJE,Yueill,Jackson,M,145000,,190000,6/1/19,Jackson Yueill,2019
MIN,Toye,Mason,F,135000,,188000,6/1/19,Mason Toye,2019
POR,Attinella,Jeff,GK,175000,,187250,6/1/19,Jeff Attinella,2019
LAFC,Zelaya,Rodolfo,F,162500,,185833,6/1/19,Rodolfo Zelaya,2019
LAG,Boateng,Emmanuel,M,185000,,185000,6/1/19,Emmanuel Boateng,2019
SKC,Hasler,Nicolas,M,168000,,183667,6/1/19,Nicolas Hasler,2019
HOU,Garcia,Oscar Boniek,M,168000,,183000,6/1/19,Oscar Boniek Garcia,2019
SKC,Hurtado,Erik,F,175000,,181250,6/1/19,Erik Hurtado,2019
MIN,Danladi,Abu,F,145000,,180000,6/1/19,Abu Danladi,2019
VAN,Khmiri,Jasser,D,180000,,180000,6/1/19,Jasser Khmiri,2019
COL,Sjoberg,Axel,D,174996,,179996,6/1/19,Axel Sjoberg,2019
FCD,Atuahene,Francis,A,135000,,179000,6/1/19,Francis Atuahene,2019
LAFC,Kaye,Mark-Anthony,M,166248,,177811,6/1/19,Mark-Anthony Kaye,2019
PHI,Creavalle,Warren,B,162000,,175300,6/1/19,Warren Creavalle,2019
TOR,DeLeon,Nick,M,159528,,175270,6/1/19,Nick DeLeon,2019
PHI,Collin,Aurelien,D,175000,,175000,6/1/19,Aurelien Collin,2019
FCD,Hollingshead,Ryan,D,175000,,175000,6/1/19,Ryan Hollingshead,2019
MTL,Jackson-Hamel,Anthony,F,160000,,175000,6/1/19,Anthony Jackson-Hamel,2019
SJE,Thompson,Tommy,B,175000,,175000,6/1/19,Tommy Thompson,2019
PHI,Picault,Fafa,A,160000,,173667,6/1/19,Fabrice Picault,2019
HOU,Willis,Joe,GK,165000,,172833,6/1/19,Joe Willis,2019
HOU,Fuenmayor,Alejandro,D,145008,,172508,6/1/19,Alejandro Fuenmayor,2019
CIN,Amaya,Frankie,A,110000,,172000,6/1/19,Frankie Amaya,2019
VAN,Sutter,Scott,D,155000,,170177,6/1/19,Scott Sutter,2019
POR,Cascante,Julio,D,170004,,170004,6/1/19,Julio Cascante,2019
DCU,Segura,Ulises,A,170000,,170000,6/1/19,Ulises Segura,2019
RSL,Henley,Adam,D,160000,,167833,6/1/19,Adam Henley,2019
HOU,Deric,Tyler,GK,160000,,167500,6/1/19,Tyler Deric,2019
ATL,Vazquez,Brandon,F,150000,,166000,6/1/19,Brandon Vazquez,2019
LAFC,Harvey,Jordan,D,165000,,165000,6/1/19,Jordan Harvey,2019
HOU,McNamara,Thomas,A,165000,,165000,6/1/19,Thomas McNamara,2019
NYC,Parks,Keaton,B,150000,,165000,6/1/19,Keaton Parks,2019
DCU,Seitz,Chris,GK,165000,,165000,6/1/19,Chris Seitz,2019
COL,Rosenberry,Keegan,D,151195,,164945,6/1/19,Keegan Rosenberry,2019
DCU,Mora,Joseph,D,150000,,164250,6/1/19,Joseph Mora,2019
LAG,Juninho,NA,M,150000,,163125,6/1/19,Juninho,2019
CLB,Clark,Ricardo,M,160000,,160000,6/1/19,Ricardo Clark,2019
HOU,Duvall,Chris,D,160000,,160000,6/1/19,Chris Duvall,2019
POR,Ivacic,Aljaz,GK,150000,,160000,6/1/19,Aljaz Ivacic,2019
ORL,Teixeira,Ruan,D,160000,,160000,6/1/19,Ruan,2019
POR,Valentin,Zarek,D,160000,,160000,6/1/19,Zarek Valentin,2019
DCU,Moreno,Junior,B,140000,,159500,6/1/19,Junior Moreno,2019
NYRB,Tarek,Amro,D,150000,,156250,6/1/19,Amro Tarek,2019
LAG,Steres,Daniel,D,150000,,155500,6/1/19,Daniel Steres,2019
HOU,Hairston,Marlon,A,155004,,155004,6/1/19,Marlon Hairston,2019
SKC,Medranda,Jimmy,M,155004,,155004,6/1/19,Jimmy Medranda,2019
RSL,Mulholland,Luke,M,155000,,155000,6/1/19,Luke Mulholland,2019
LAFC,Jakovic,Dejan,D,150000,,153750,6/1/19,Dejan Jakovic,2019
NER,Caldwell,Scott,M,142313,,153209,6/1/19,Scott Caldwell,2019
CHI,Sanchez,Richard,GK,150000,,152500,6/1/19,Richard Sanchez,2019
CHI,Kronholm,Kenneth,GK,87996,,150996,6/1/19,Kenneth Kronholm,2019
ORL,Akindele,Tesho,F,150000,,150000,6/1/19,Tesho Akindele,2019
POR,Polo,Andy,A,150000,,150000,6/1/19,Andy Polo,2019
CLB,Williams,JJ,F,95000,,149750,6/1/19,J.J. Williams,2019
PHI,Coronel,Carlos Miguel,GK,132000,,148425,6/1/19,Carlos,2019
CIN,Hagglund,Nick,D,137504,,147129,6/1/19,Nick Hagglund,2019
SJE,Marcinkowski,JT,GK,135000,,147000,6/1/19,JT Marcinkowski,2019
MTL,Azira,Micheal,B,140000,,146625,6/1/19,Micheal Azira,2019
ORL,De John,Alexander,D,135000,,146614,6/1/19,Alex De John,2019
COL,Abubakar,Lalas,D,135000,,144938,6/1/19,Lalas Abubakar,2019
SKC,Salloi,Daniel,A,130000,,144125,6/1/19,Daniel Salloi,2019
CLB,Bendik,Joe,GK,144000,,144000,6/1/19,Joe Bendik,2019
MTL,Piette,Samuel,B,135000,,143159,6/1/19,Samuel Piette,2019
SKC,Sinovic,Seth,D,135000,,143000,6/1/19,Seth Sinovic,2019
ATL,Hernandez,Jose Rafael,D,140004,,140004,6/1/19,Jose Rafael Hernandez,2019
POR,Clark,Steve,GK,140000,,140000,6/1/19,Steve Clark,2019
ORL,O'Neill,Shane,D,125000,,139500,6/1/19,Shane O'Neill,2019
COL,Irwin,Clint,GK,126000,,138707,6/1/19,Clint Irwin,2019
TOR,Chapman,Jay,M,120000,,138500,6/1/19,Jay Chapman,2019
FCD,Roberts,Thomas,M,110000,,138000,6/1/19,Thomas Roberts,2019
TOR,Hamilton,Jordan,F,124992,,137659,6/1/19,Jordan Hamilton,2019
NYRB,Meara,Ryan,GK,132000,,137000,6/1/19,Ryan Meara,2019
POR,Williamson,Eryk,M,120000,,136500,6/1/19,Eryk Williamson,2019
MIN,Kallman,Brent,D,118000,,136456,6/1/19,Brent Kallman,2019
CHI,Adams,Mohammed,M,1.00E+05,,135000,6/1/19,Mohammed Adams,2019
SJE,Calvillo,Eric,M,120000,,135000,6/1/19,Eric Calvillo,2019
CHI,Herbers,Fabian,A,135000,,135000,6/1/19,Fabian Herbers,2019
TOR,Dorsey,Griffin,A,90000,,134000,6/1/19,Griffin Dorsey,2019
TOR,Morgan,Ashtone,D,132000,,133500,6/1/19,Ashtone Morgan,2019
ATL,Gressel,Julian,M,114250,,133000,6/1/19,Julian Gressel,2019
NYRB,Lade,Connor,D,126000,,132750,6/1/19,Connor Lade,2019
RSL,Toia,Donny,D,131254,,131254,6/1/19,Donny Toia,2019
ATL,Wild,Gordon,F,1.00E+05,,130000,6/1/19,Gordon Wild,2019
NYRB,Muyl,Alex,A,123750,,127750,6/1/19,Alex Muyl,2019
FCD,Maurer,Jimmy,GK,125000,,127500,6/1/19,Jimmy Maurer,2019
NER,Buchanan,Tajon,A,90000,,126000,6/1/19,Tajon Buchanan,2019
MIN,Miller,Eric,D,108550,,124425,6/1/19,Eric Miller,2019
TOR,Akinola,Ayo,F,56256,,124256,6/1/19,Ayo Akinola,2019
VAN,Nerwinski,Jake,D,120000,,124125,6/1/19,Jakob Nerwinski,2019
PHI,Trusty,Auston,D,95000,,124100,6/1/19,Auston Trusty,2019
LAG,Hilliard-Arce,Tomas,D,1.00E+05,,123125,6/1/19,Tomas Hilliard-Arce,2019
RSL,Saucedo,Sebastian,A,112500,,123000,6/1/19,Sebastian Saucedo,2019
NONE,Del Grecco,Nicolas,D,120000,,121125,6/1/19,Nicolas Del Grecco,2019
COL,Lewis,Jonathan,A,1.00E+05,,121000,6/1/19,Jonathan Lewis,2019
CLB,Sosa,Eduardo,A,1.00E+05,,120200,6/1/19,Eduardo Sosa,2019
PHI,Fabinho,Fabinho,D,120000,,120000,6/1/19,Fabinho,2019
LAFC,Guido,Alejandro,B,120000,,120000,6/1/19,Alejandro Guido,2019
COL,Serna,Dillon,A,120000,,120000,6/1/19,Dillon Serna,2019
MTL,Shome,Shamit,M,1.00E+05,,119000,6/1/19,Shamit Shome,2019
LAG,Romney,Dave,D,102000,,118950,6/1/19,Dave Romney,2019
NYRB,Casseres,Cristian,M,80000,,118750,6/1/19,Cristian Casseres,2019
NER,Knighton,Brad,GK,111253,,116253,6/1/19,Brad Knighton,2019
ORL,Michel,Benji,F,85000,,116250,6/1/19,Benji Michel,2019
TOR,Westberg,Quentin,GK,1.00E+05,,115254,6/1/19,Quentin Westberg,2019
NER,Rennicks,Justin,F,80000,,115000,6/1/19,Justin Rennicks,2019
NYRB,Murillo,Michael,D,105004,,113754,6/1/19,Michael Murillo,2019
FCD,Nelson,John,D,80000,,113000,6/1/19,John Nelson,2019
VAN,Giro,"Victor ""PC""",B,105000,,112438,6/1/19,Victor Giro,2019
VAN,Cornelius,Derek,D,1.00E+05,,111912,6/1/19,Derek Cornelius,2019
CHI,Mihailovic,Djordje,A,111000,,111000,6/1/19,Djordje Mihailovic,2019
ORL,Acosta,Danilo,D,110000,,110000,6/1/19,Danilo Acosta,2019
CLB,Keita,Aboubacar,D,90000,,110000,6/1/19,Aboubacar Keita,2019
ORL,Mueller,Chris,A,95625,,109375,6/1/19,Chris Mueller,2019
FCD,Sealy,Dante,F,80000,,108400,6/1/19,Dante Sealy,2019
POR,Tuiloma,Bill,B,100008,,107508,6/1/19,Bill Tuiloma,2019
CLB,Opoku,Edward,F,85000,,106000,6/1/19,Edward Opoku,2019
MIN,Martin,Collin,A,105000,,105000,6/1/19,Collin Martin,2019
FCD,Pomykal,Paxton,A,1.00E+05,,105000,6/1/19,Paxton Pomykal,2019
NYC,Sands,James,B,105000,,105000,6/1/19,James Sands,2019
LAFC,Sisniega,Pablo,GK,105000,,105000,6/1/19,Pablo Sisniega,2019
CLB,Crognale,Alex,D,104504,,104504,6/1/19,Alex Crognale,2019
DCU,Durkin,Chris,B,95000,,104167,6/1/19,Chris Durkin,2019
SJE,Haji,Siad,M,75000,,104000,6/1/19,Siad Haji,2019
LAFC,Blessing,Latif,M,93750,,103125,6/1/19,Latif Blessing,2019
DCU,Pines,Donovan,D,90000,,102000,6/1/19,Donovan Pines,2019
NER,Anibaba,Jalil,D,101250,,101250,6/1/19,Jalil Anibaba,2019
RSL,Horwath,Alex,GK,95000,,100863,6/1/19,Alex Horwath,2019
FCD,Cerrillo,Edwin,B,70250,,100250,6/1/19,Edwin Cerrillo,2019
ATL,Kann,Alec,GK,100008,,100008,6/1/19,Alec Kann,2019
VAN,Bangoura,Alhassane,A,1.00E+05,,1.00E+05,6/1/19,Lass,2019
NYC,Stuver,Brad,GK,1.00E+05,,1.00E+05,6/1/19,Brad Stuver,2019
ORL,Lindley,Cam,B,90000,,98906,6/1/19,Cam Lindley,2019
MTL,Diop,Clement,GK,94500,,98190,6/1/19,Clement Diop,2019
COL,Hundley,Matt,A,65000,,98000,6/1/19,Matt Hundley,2019
ORL,Rowe,Brian,GK,95000,,98000,6/1/19,Brian Rowe,2019
CHI,Lillard,Grant,D,95000,,97500,6/1/19,Grant Lillard,2019
MTL,Lovitz,Daniel,D,97453,,97453,6/1/19,Daniel Lovitz,2019
ATL,Carleton,Andrew,A,85000,,97400,6/1/19,Andrew Carleton,2019
PHI,Aaronson,Brenden,A,67500,,95809,6/1/19,Brenden Aaronson,2019
NYRB,Fernandez,Omir,A,80000,,95000,6/1/19,Omir Fernandez,2019
COL,Shinyashiki,Andre,F,85000,,95000,6/1/19,Andre Shinyashiki,2019
VAN,Crepeau,Maxime,GK,90000,,94083,6/1/19,Maxime Crepeau,2019
SJE,Fuentes,Gilbert,M,80000,,92000,6/1/19,Gilbert Fuentes,2019
NSH,Rios,Daniel,F,80000,,91625,6/1/19,Daniel Rios,2019
CHI,Bronico,Brandt,M,85000,,90625,6/1/19,Brandt Bronico,2019
SKC,Busio,Gianluca,A,90000,,90000,6/1/19,Gianluca Busio,2019
ATL,Goslin,Chris,A,90000,,90000,6/1/19,Chris Goslin,2019
FCD,Hernandez,Moises,D,90000,,90000,6/1/19,Moises Hernandez,2019
SEA,Leyva,Daniel,B,56250,,89872,6/1/19,Danny Leyva,2019
MTL,Browne,Omar,A,70250,,89781,6/1/19,Omar Browne,2019
CHI,Martinez,Cristian,M,80000,,88407,6/1/19,Cristian Martinez,2019
SKC,Lindsey,Jaylin,D,75000,,88000,6/1/19,Jaylin Lindsey,2019
NER,Herivaux,Zachary,M,72352,,87352,6/1/19,Zachary Herivaux,2019
MTL,Choiniere,Mathieu,M,80000,,86390,6/1/19,Mathieu Choiniere,2019
LAG,Araujo,Julian,D,80000,,86250,6/1/19,Julian Araujo,2019
RSL,Herrera,Aaron,D,86000,,86000,6/1/19,Aaron Herrera,2019
SEA,Ocampo-Chavez,Alfonso,F,56250,,85750,6/1/19,Alfonso Ocampo-Chavez,2019
RSL,Besler,Nick,M,85000,,85000,6/1/19,Nick Besler,2019
COL,Ford,Kortne,D,85000,,85000,6/1/19,Kortne Ford,2019
NYC,Torres,Juan Pablo,M,70250,,84750,6/1/19,Juan Pablo Torres,2019
COL,Bassett,Cole,M,75000,,84000,6/1/19,Cole Bassett,2019
VAN,Baldisimo,Michael,B,56250,,83013,6/1/19,Michael Baldisimo,2019
SKC,Freeman,Tyler,F,70250,,82750,6/1/19,Tyler Freeman,2019
HOU,Rodriguez,Memo,M,70250,,82750,6/1/19,Memo Rodriguez,2019
LAG,Arellano,Hugo,D,75000,,82574,6/1/19,Hugo Arellano,2019
PHI,McKenzie,Mark,D,72225,,82225,6/1/19,Mark McKenzie,2019
NYRB,Etienne,Derrick,A,77063,,82063,6/1/19,Derrick Etienne,2019
LAFC,Brewer,Shaft,A,80000,,81667,6/1/19,Shaft Brewer,2019
VAN,Colyn,Simon,A,56250,,81250,6/1/19,Simon Colyn,2019
COL,Vines,Sam,D,80000,,81250,6/1/19,Sam Vines,2019
MTL,Brault-Guillard,Zachary,D,72000,,81000,6/1/19,Zachary Brault-Guillard,2019
COL,Anderson,Sebastian,D,56250,,80917,6/1/19,Sebastian Anderson,2019
PHI,Jones,Derrick,M,75000,,80900,6/1/19,Derrick Jones,2019
NSH,Lancaster,Cameron,F,70250,,80671,6/1/19,Cameron Lancaster,2019
FCD,Cannon,Reggie,D,80250,,80250,6/1/19,Reggie Cannon,2019
POR,Farfan,Marco,D,80250,,80250,6/1/19,Marco Farfan,2019
DCU,Robinson,Jalen,D,80004,,80004,6/1/19,Jalen Robinson,2019
PHI,Burke,Cory,F,75938,,79720,6/1/19,Cory Burke,2019
CLB,Hansen,Niko,A,71663,,79163,6/1/19,Niko Hansen,2019
FCD,Hayes,Jacori,M,71663,,79163,6/1/19,Jacori Hayes,2019
ATL,Bello,George,D,75000,,79000,6/1/19,George Bello,2019
ATL,Williams,Romario,F,78650,,78650,6/1/19,Romario Williams,2019
LAG,Zubak,Ethan,F,75000,,78125,6/1/19,Ethan Zubak,2019
NYC,Scally,Joe,D,56250,,78067,6/1/19,Joe Scally,2019
SKC,Zelalem,Gedion,M,56250,,77917,6/1/19,Gedion Zelalem,2019
PHI,Freese,Matt,GK,70000,,77650,6/1/19,Matt Freese,2019
CIN,Lasso,Forrest,D,70250,,77583,6/1/19,Forrest Lasso,2019
LAFC,Miller,Tyler,GK,77565,,77565,6/1/19,Tyler Miller,2019
NER,Cropper,Cody,GK,77520,,77520,6/1/19,Cody Cropper,2019
MIN,St. Clair,Dayne,GK,70250,,77253,6/1/19,Dayne St. Clair,2019
ORL,Patino,Santiago,F,72500,,76781,6/1/19,Santiago Patino,2019
LAG,Jamieson,Bradford,F,76403,,76403,6/1/19,Bradford Jamieson,2019
DCU,Yow,Griffin,F,70250,,76368,6/1/19,Griffin Yow,2019
VAN,Bair,Thelonius,F,56250,,76250,6/1/19,Theo Bair,2019
HOU,McCue,Erik,D,56250,,76250,6/1/19,Erik McCue,2019
NYRB,Koffi,Jean-Christophe,M,70250,,76031,6/1/19,Jean-Christophe Koffi,2019
LAFC,Perez,Josh,A,76000,,76000,6/1/19,Josh Perez,2019
NER,Turner,Matt,GK,75938,,75938,6/1/19,Matt Turner,2019
TOR,Fraser,Liam,B,70875,,75875,6/1/19,Liam Fraser,2019
LAG,Alvarez,Efrain,A,70872,,75606,6/1/19,Efrain Alvarez,2019
NER,Angking,Isaac,A,70250,,75250,6/1/19,Isaac Angking,2019
DCU,Fisher,Oniel,D,70250,,74917,6/1/19,Oniel Fisher,2019
CHI,Slonina,Gabriel,GK,60000,,74800,6/1/19,Gabriel Slonina,2019
NYRB,Epps,Marcus,A,70250,,74542,6/1/19,Marcus Epps,2019
NYRB,Valot,Florian,A,70872,,74508,6/1/19,Florian Valot,2019
DCU,Bustamante,Antonio,B,70250,,74485,6/1/19,Antonio Bustamante,2019
TOR,Endoh,Tsubasa,A,70250,,74250,6/1/19,Tsubasa Endoh,2019
NYC,Ibeagha,Sebastien,D,74250,,74250,6/1/19,Sebastien Ibeagha,2019
COL,Wynne,Deklan,D,74250,,74250,6/1/19,Deklan Wynne,2019
VAN,Levis,Brett,B,71663,,74163,6/1/19,Brett Levis,2019
CIN,Welshman,Emery,F,70250,,73850,6/1/19,Emery Welshman,2019
SKC,Dick,Eric,GK,70250,,73700,6/1/19,Eric Dick,2019
DCU,Edwards,Earl,GK,70250,,73583,6/1/19,Earl Edwards,2019
NYRB,Bezecourt,Vincent,A,70875,,73296,6/1/19,Vincent Bezecourt,2019
ATL,Kunga,Lagos,A,70250,,73250,6/1/19,Lagos Kunga,2019
LAFC,Blackmon,Tristan,D,70250,,72984,6/1/19,Tristan Blackmon,2019
CHI,Campos,Diego,B,70250,,72825,6/1/19,Diego Campos,2019
CHI,Moreno,Amando,A,70250,,72750,6/1/19,Amando Moreno,2019
LAFC,Vassell,Peter,A,70250,,72750,6/1/19,Peter-Lee Vassell,2019
HOU,Garcia,Kevin,D,72361,,72361,6/1/19,Kevin Garcia,2019
COL,Rawls,Andre,GK,72361,,72361,6/1/19,Andre Rawls,2019
ATL,Ambrose,Mikey,D,72352,,72352,6/1/19,Mikey Ambrose,2019
NYC,Rocha,Tony,M,72347,,72347,6/1/19,Tony Rocha,2019
SJE,Bersano,Matt,GK,71667,,71667,6/1/19,Matt Bersano,2019
CIN,Richey,Spencer,GK,71667,,71667,6/1/19,Spencer Richey,2019
CLB,Kempin,Jonathan,GK,71664,,71664,6/1/19,Jonathan Kempin,2019
SJE,Felipe,Luis,B,70875,,71625,6/1/19,Luis Felipe,2019
NER,Firmino,Nicolas,M,67500,,71167,6/1/19,Nicolas Firmino,2019
HOU,Bird,Eric,M,70875,,70875,6/1/19,Eric Bird,2019
CHI,Corrales,Jorge,D,70875,,70875,6/1/19,Jorge Corrales,2019
SEA,Delem,Jordy,B,70875,,70875,6/1/19,Jordy Delem,2019
ORL,Grinwis,Adam,GK,70875,,70875,6/1/19,Adam Grinwis,2019
SKC,Kuzain,Wan,B,70875,,70875,6/1/19,Wan Kuzain,2019
PHI,Mbaizo,Olivier,D,70875,,70875,6/1/19,Olivier Mbaizo,2019
SEA,Meredith,Bryan,GK,70875,,70875,6/1/19,Bryan Meredith,2019
SJE,Ockford,Jimmy,D,70875,,70875,6/1/19,Jimmy Ockford,2019
TOR,Patterson-Sewell,Caleb,GK,70875,,70875,6/1/19,Caleb Patterson-Sewell,2019
RSL,Putna,Andrew,GK,70875,,70875,6/1/19,Andrew Putna,2019
ORL,Stajduhar,Mason,GK,70875,,70875,6/1/19,Mason Stajduhar,2019
NER,Wright,Brian,F,70875,,70875,6/1/19,Brian Wright,2019
FCD,Zobeck,Kyle,GK,70875,,70875,6/1/19,Kyle Zobeck,2019
SEA,Tolo,Nouhou,D,70730,,70730,6/1/19,Nouhou Tolo,2019
PHI,Fontana,Anthony,A,70260,,70260,6/1/19,Anthony Fontana,2019
CIN,Ndam,Hassan,D,70260,,70260,6/1/19,Hassan Ndam,2019
SEA,Abdul-Salaam,Saad,D,70250,,70250,6/1/19,Saad Abdul-Salaam,2019
CIN,Albadawi,Nazmi,A,70250,,70250,6/1/19,Nazmi Albadawi,2019
DCU,Amarikwa,Quincy,F,70250,,70250,6/1/19,Quincy Amarikwa,2019
TOR,Bakero,Jon,F,70250,,70250,6/1/19,Jon Bakero,2019
MTL,Beaulieu,Jason,GK,70250,,70250,6/1/19,Jason Beaulieu,2019
NYC,Bedoya,Daniel,A,70250,,70250,6/1/19,Daniel Bedoya,2019
CIN,Bone,Corben,M,70250,,70250,6/1/19,Corben Bone,2019
SEA,Campbell,Jonathan,D,70250,,70250,6/1/19,Jonathan Campbell,2019
LAG,Carrasco,Servando,M,70250,,70250,6/1/19,Servando Carrasco,2019
CHI,Cleveland,Stefan,GK,70250,,70250,6/1/19,Stefan Cleveland,2019
LAG,Cuello,Emil,A,70250,,70250,6/1/19,Emil Cuello,2019
CHI,Edwards,Raheem,M,70250,,70250,6/1/19,Raheem Edwards,2019
FCD,Ferreira,Jesus,F,70250,,70250,6/1/19,Jesus Ferreira,2019
HOU,Figueroa,Maynor,D,70250,,70250,6/1/19,Maynor Figueroa,2019
POR,Flores,Andres,A,70250,,70250,6/1/19,Andres Flores,2019
ATL,Gallagher,Jon,A,70250,,70250,6/1/19,Jon Gallagher,2019
RSL,Holt,Erik,D,70250,,70250,6/1/19,Erik Holt,2019
CIN,Hoyte,Justin,D,70250,,70250,6/1/19,Justin Hoyte,2019
POR,Jadama,Modou,D,70250,,70250,6/1/19,Modou Jadama,2019
LAG,Lampson,Matt,GK,70250,,70250,6/1/19,Matt Lampson,2019
NYRB,Louro,Evan,GK,70250,,70250,6/1/19,Evan Louro,2019
NONE,Lyon,Charlie,GK,70250,,70250,6/1/19,Charlie Lyon,2019
CLB,Maloney,Connor,D,70250,,70250,6/1/19,Connor Maloney,2019
POR,McIntosh,Kendall,GK,70250,,70250,6/1/19,Kendall McIntosh,2019
CIN,McLaughlin,Jimmy,M,70250,,70250,6/1/19,Jimmy McLaughlin,2019
VAN,Melvin,Sean,GK,70250,,70250,6/1/19,Sean Melvin,2019
FCD,Montgomery,Callum,D,70250,,70250,6/1/19,Callum Montgomery,2019
ATL,Moore,Brendan,GK,70250,,70250,6/1/19,Brendan Moore,2019
RSL,Ochoa,David,GK,70250,,70250,6/1/19,David Ochoa,2019
MIN,Olum,Lawrence,D,70250,,70250,6/1/19,Lawrence Olum,2019
COL,Opare,Kofi,D,70250,,70250,6/1/19,Kofi Opare,2019
MTL,Pantemis,James,GK,70250,,70250,6/1/19,James Pantemis,2019
RSL,Portillo,Justin,M,70250,,70250,6/1/19,Justin Portillo,2019
COL,Raben,Sam,D,70250,,70250,6/1/19,Sam Raben,2019
ORL,Ranjitsingh,Gregory,GK,70250,,70250,6/1/19,Greg Ranjitsingh,2019
FCD,Reynolds,Bryan,F,70250,,70250,6/1/19,Bryan Reynolds,2019
RSL,Schmitt,Tate,F,70250,,70250,6/1/19,Tate Schmitt,2019
NONE,Smith,Blake,D,70250,,70250,6/1/19,Blake Smith,2019
ORL,Smith,Kyle,D,70250,,70250,6/1/19,Kyle Smith,2019
TOR,Telfer,Ryan,A,70250,,70250,6/1/19,Ryan Telfer,2019
DCU,Ward,Akeem,M,70250,,70250,6/1/19,Akeem Ward,2019
SEA,Wingo,Henry,A,70250,,70250,6/1/19,Henry Wingo,2019
POR,Zambrano,Renzo,M,70250,,70250,6/1/19,Renzo Zambrano,2019
SKC,Zendejas,Adrian,GK,70250,,70250,6/1/19,Adrian Zendejas,2019
ORL,Da Silva,Pierre,A,70248,,70248,6/1/19,Pierre Da Silva,2019
RSL,Baird,Corey,F,70008,,70008,6/1/19,Corey Baird,2019
TOR,Okello,Noble,B,56245,,68060,6/1/19,Noble Okello,2019
ATL,Okonkwo,Patrick,F,56256,,67256,6/1/19,Patrick Okonkwo,2019
SJE,Cowell,Cade,F,57225,,67225,6/1/19,Cade Cowell,2019
MTL,Bayiha,Clement,A,61750,,67125,6/1/19,Clement Bayiha,2019
VAN,Hasal,Thomas,GK,56250,,66250,6/1/19,Thomas Hasal,2019
RSL,Vazquez,Julian,F,56250,,66250,6/1/19,Julian Vazquez,2019
SEA,Muse,Trey,GK,56250,,65000,6/1/19,Trey Muse,2019
CHI,Reynolds,Andre,D,56250,,64250,6/1/19,Andre Reynolds,2019
SJE,Akanyirige,Jacob,D,62225,,64225,6/1/19,Jacob Akanyirige,2019
NER,Bye,Brandon,D,59950,,63245,6/1/19,Brandon Bye,2019
NYRB,Mines,Ben,A,57229,,63243,6/1/19,Ben Mines,2019
COL,Rwatubyaye,Abdul,D,56250,,62625,6/1/19,Abdul Rwatubyaye,2019
MTL,Meilleure-Giguere,Thomas,D,57120,,60245,6/1/19,Thomas Meilleure-Giguere,2019
MTL,Kinumbe,Daniel,D,56250,,60166,6/1/19,Daniel Kinumbe,2019
MTL,Krolicki,Ken,M,59950,,59950,6/1/19,Ken Krolicki,2019
CIN,Dally,Rashawn,F,56250,,59659,6/1/19,Rashawn Dally,2019
CIN,Lundt,Ben,GK,56250,,59659,6/1/19,Ben Lundt,2019
CIN,Gdula,Logan,D,56250,,59575,6/1/19,Logan Gdula,2019
VAN,Norman,David,M,57225,,58225,6/1/19,David Norman,2019
CLB,Argudo,Luis,A,57225,,57225,6/1/19,Luis Argudo,2019
SEA,Bwana,Handwalla,A,57225,,57225,6/1/19,Handwalla Bwana,2019
NYC,Caldwell,Jeff,GK,57225,,57225,6/1/19,Jeff Caldwell,2019
CHI,Collier,Elliot,A,57225,,57225,6/1/19,Elliot Collier,2019
TOR,Daniels,Aidan,A,57225,,57225,6/1/19,Aidan Daniels,2019
NYRB,Duncan,Kyle,D,57225,,57225,6/1/19,Kyle Duncan,2019
TOR,Dunn,Julian,D,57225,,57225,6/1/19,Julian Dunn,2019
COL,Jackson,Niki,F,57225,,57225,6/1/19,Niki Jackson,2019
POR,Langsdorf,Foster,F,57225,,57225,6/1/19,Foster Langsdorf,2019
CLB,Lundgaard,Ben,GK,57225,,57225,6/1/19,Ben Lundgaard,2019
MIN,Manley,Carter,D,57225,,57225,6/1/19,Carter Manley,2019
SJE,Marie,Paul,B,57225,,57225,6/1/19,Paul Marie,2019
HOU,Nelson,Michael,GK,57225,,57225,6/1/19,Michael Nelson,2019
MIN,Omsberg,Wyatt,D,57225,,57225,6/1/19,Wyatt Omsberg,2019
SJE,Partida,Kevin,M,57225,,57225,6/1/19,Kevin Partida,2019
PHI,Real,Matthew,D,57225,,57225,6/1/19,Matt Real,2019
SEA,Roldan,Alex,A,57225,,57225,6/1/19,Alex Roldan,2019
SKC,Smith,Graham,D,57225,,57225,6/1/19,Graham Smith,2019
LAG,Vom Steeg,Justin,GK,57225,,57225,6/1/19,Justin Vom Steeg,2019
NYRB,White,Brian,F,57225,,57225,6/1/19,Brian White,2019
RSL,Arriaga,Luis,M,56250,,56250,6/1/19,Luis Arriaga,2019
ATL,Asiedu,Anderson,M,56250,,56250,6/1/19,Anderson Asiedu,2019
NYRB,Barlow,Tom,F,56250,,56250,6/1/19,Tom Barlow,2019
NYC,Barraza,Luis,GK,56250,,56250,6/1/19,Luis Barraza,2019
LAFC,Batista,Lamar,D,56250,,56250,6/1/19,Lamar Batista,2019
MIN,Dotson,Hassani,M,56250,,56250,6/1/19,Hassani Dotson,2019
LAFC,Ejimadu,Philip,GK,56250,,56250,6/1/19,Philip Ejimadu,2019
MIN,Gasper,Chase,D,56250,,56250,6/1/19,Chase Gasper,2019
CHI,Gutjahr,Jeremiah,M,56250,,56250,6/1/19,Jeremiah Gutjahr,2019
NYC,Haak,Justin,M,56250,,56250,6/1/19,Justin Haak,2019
CIN,Hague,Jimmy,GK,56250,,56250,6/1/19,Jimmy Hague,2019
LAFC,Hamalainen,Nicholas,D,56250,,56250,6/1/19,Niko Hamalainen,2019
NER,Jones,DeJuan,A,56250,,56250,6/1/19,DeJuan Jones,2019
HOU,Junqua,Sam,D,56250,,56250,6/1/19,Sam Junqua,2019
TOR,Laryea,Richie,B,56250,,56250,6/1/19,Richie Laryea,2019
POR,Loria,Marvin,A,56250,,56250,6/1/19,Marvin Loria,2019
CIN,McCabe,Tommy,B,56250,,56250,6/1/19,Thomas McCabe,2019
VAN,McDonough,Brendan,D,56250,,56250,6/1/19,Brendan McDonough,2019
ORL,Miller,Kamal,D,56250,,56250,6/1/19,Kamal Miller,2019
NYC,Mohamed,Abdi,D,56250,,56250,6/1/19,Abdi Mohamed,2019
NYRB,Nealis,Sean,D,56250,,56250,6/1/19,Sean Nealis,2019
MIN,Ng'Anzi,Ally,A,56250,,56250,6/1/19,Ally Ng'Anzi,2019
PHI,Ngalina,Michee,A,56250,,56250,6/1/19,Michee Ngalina,2019
DCU,Odoi-Atsem,Chris,D,56250,,56250,6/1/19,Chris Odoi-Atsem,2019
ATL,Pereira,Dion,A,56250,,56250,6/1/19,Dion Pereira,2019
LAFC,Perez,Adrien,F,56250,,56250,6/1/19,Adrien Perez,2019
LAFC,Perez,Javi,M,56250,,56250,6/1/19,Javier Perez,2019
MTL,Sejdic,Amar,M,56250,,56250,6/1/19,Amar Sejdic,2019
LAG,Traore,Diedie,D,56250,,56250,6/1/19,Diedie Traore,2019